<?xml version="1.0" encoding="UTF-8"?>
<project-private xmlns="http://www.netbeans.org/ns/project-private/1">
    <editor-bookmarks xmlns="http://www.netbeans.org/ns/editor-bookmarks/2" lastBookmarkId="0"/>
    <open-files xmlns="http://www.netbeans.org/ns/projectui-open-files/2">
        <group>
            <file>file:/D:/computer%20science%20courses/second%20year%20courses/second%20semster%20courses/object%20oriented%20programming/Java%20projects/team%20projects/engineering%20%20enterprise%20payroll%20system/my%20code/payroll/src/payroll/Engineerinfo.java</file>
            <file>file:/D:/computer%20science%20courses/second%20year%20courses/second%20semster%20courses/object%20oriented%20programming/Java%20projects/team%20projects/engineering%20%20enterprise%20payroll%20system/my%20code/payroll/src/payroll/Payroll.java</file>
            <file>file:/D:/computer%20science%20courses/second%20year%20courses/second%20semster%20courses/object%20oriented%20programming/Java%20projects/team%20projects/engineering%20%20enterprise%20payroll%20system/my%20code/payroll/src/payroll/NewJApplet.java</file>
            <file>file:/D:/computer%20science%20courses/second%20year%20courses/second%20semster%20courses/object%20oriented%20programming/Java%20projects/team%20projects/engineering%20%20enterprise%20payroll%20system/my%20code/payroll/src/payroll/DELETE.java</file>
            <file>file:/D:/computer%20science%20courses/second%20year%20courses/second%20semster%20courses/object%20oriented%20programming/Java%20projects/team%20projects/engineering%20%20enterprise%20payroll%20system/my%20code/payroll/src/payroll/EoT.java</file>
            <file>file:/D:/computer%20science%20courses/second%20year%20courses/second%20semster%20courses/object%20oriented%20programming/Java%20projects/team%20projects/engineering%20%20enterprise%20payroll%20system/my%20code/payroll/src/payroll/VIEWALL.java</file>
            <file>file:/D:/computer%20science%20courses/second%20year%20courses/second%20semster%20courses/object%20oriented%20programming/Java%20projects/team%20projects/engineering%20%20enterprise%20payroll%20system/my%20code/payroll/src/payroll/EDIT.java</file>
            <file>file:/D:/computer%20science%20courses/second%20year%20courses/second%20semster%20courses/object%20oriented%20programming/Java%20projects/team%20projects/engineering%20%20enterprise%20payroll%20system/my%20code/payroll/src/payroll/ADD.java</file>
        </group>
    </open-files>
</project-private>
